t_s,x_km,y_km,z_km,vx_km_s,vy_km_s,vz_km_s
360.0,1.2821781284286238,0.022230571508520817,-3.225131375054002e-08,-1.0659670413228454e-06,6.174576379278897e-05,-1.6564053963978216e-10
720.0,1.2816025042059414,0.044454759238735916,-1.1083376309599261e-07,-2.131928488701393e-06,6.171889676078731e-05,-2.619288111049452e-10
1080.0,1.2806431652337973,0.06666597621656434,-2.1687049523295206e-07,-3.1976763638771244e-06,6.16736878518288e-05,-3.257807181545826e-10
1440.0,1.2793002347980336,0.08885760108556942,-3.477115036498065e-07,-4.262941437011168e-06,6.161003431159424e-05,-4.0919910124538154e-10
1800.0,1.277573945855365,0.11102297562642394,-5.208644255777086e-07,-5.327383256803792e-06,6.152783804387066e-05,-5.70552716084396e-10
2160.0,1.2754646661735545,0.1331554105975956,-7.745086520445152e-07,-6.390595421727142e-06,6.142702822136224e-05,-8.647101386806851e-10
2520.0,1.2729729190668584,0.15524819881009333,-1.1646085818751806e-06,-7.452124099273766e-06,6.130757800578442e-05,-1.334380815772304e-09
2880.0,1.2700993958879405,0.17729463254605787,-1.7594177730622764e-06,-8.51149417232689e-06,6.116951158697528e-05,-2.004511551439619e-09
3240.0,1.266844958805904,0.19928802163941262,-2.6326574620774572e-06,-9.568235887374265e-06,6.1012901014068054e-05,-2.880564093339876e-09
3600.0,1.2632106348587055,0.22122170892665655,-3.856738751643943e-06,-1.0621905858822105e-05,6.0837855376046104e-05,-3.950336861653079e-09
3960.0,1.2591976040061819,0.24308908106709054,-5.497101708285571e-06,-1.1672099136903491e-05,6.0644506664807403e-05,-5.18809568340741e-09
4320.0,1.2548071844711353,0.2648835743364185,-7.608217958599164e-06,-1.2718452490337452e-05,6.043299659747866e-05,-6.559425488067287e-09
4680.0,1.2500408180850755,0.2865986762808004,-1.0231260442947784e-05,-1.3760641692382421e-05,6.02034670502236e-05,-8.025467046802409e-09
5040.0,1.2449000571308686,0.30822792466286597,-1.3393077893901495e-05,-1.4798376500473325e-05,5.995605445657369e-05,-9.545888677060691e-09
5400.0,1.2393865529672805,0.32976490489367716,-1.710602293241419e-05,-1.5831396078966078e-05,5.96908866509238e-05,-1.1080738674182272e-08
5760.0,1.233502046086552,0.3512032464406209,-2.1368347884524034e-05,-1.685946553906479e-05,5.9408080007655975e-05,-1.2591888475773298e-08
6120.0,1.227248357400943,0.37253661803174554,-2.6165172794021626e-05,-1.7882372221532394e-05,5.910773551749902e-05,-1.404488616380245e-08
6480.0,1.2206273812639168,0.393758721279807,-3.147027187206188e-05,-1.889991939944548e-05,5.878993414260847e-05,-1.5411675271529866e-08
6840.0,1.2136410814981837,0.4148632827877858,-3.724897507588999e-05,-1.9911915729469005e-05,5.84547334539802e-05,-1.6673979916239712e-08
7200.0,1.2062914919792924,0.43584404568329804,-4.346229006991172e-05,-2.0918160740374003e-05,5.810216824992163e-05,-1.7826521993767616e-08
7560.0,1.1985807227934233,0.4566947624104353,-5.007197963008418e-05,-2.1918428979160217e-05,5.773225711028941e-05,-1.8878920408592806e-08
7920.0,1.1905109717266407,0.4774091909838384,-5.7045931269506565e-05,-2.2912456987051265e-05,5.7345014873603455e-05,-1.9855293846504603e-08
8280.0,1.18208453929772,0.4979810964745324,-6.436290473353947e-05,-2.389993721451538e-05,5.694046865282904e-05,-2.079121094612766e-08
8640.0,1.1733038443467276,0.5184042582960059,-7.201576492264428e-05,-2.4880521176293144e-05,5.651867329323776e-05,-2.172847634734197e-08
9000.0,1.1641714368686182,0.5386724822919358,-8.001262450508762e-05,-2.5853831246088534e-05,5.6079721948098854e-05,-2.270897798982295e-08
9360.0,1.1546900055279692,0.5587796152872178,-8.837583648764463e-05,-2.681947765889229e-05,5.562374891009794e-05,-2.376915160848618e-08
9720.0,1.1448623788634693,0.5787195591849007,-9.713931397227027e-05,-2.7777075699588774e-05,5.515092445815135e-05,-2.4936397354251625e-08
10080.0,1.1346915209999153,0.5984862821106236,-0.00010634501973212246,-2.872625837999408e-05,5.466144420580743e-05,-2.6228080955362645e-08
10440.0,1.1241805240410283,0.6180738253518652,-0.00011603953137894495,-2.9666682011651456e-05,5.415551713750691e-05,-2.7652830037593127e-08
10800.0,1.1133325997181984,0.6374763063949036,-0.00012627133281709654,-3.059802508165467e-05,5.3633356477775744e-05,-2.9213049216987028e-08
11160.0,1.1021510722209942,0.6566879195811274,-0.00013708901671854144,-3.151998346434553e-05,5.3095175778677013e-05,-3.09072329085606e-08
11520.0,1.0906393727822865,0.6757029362865075,-0.0001485400964599978,-3.24322661435216e-05,5.254118989872483e-05,-3.273089115490762e-08
11880.0,1.078801035177222,0.694515705939743,-0.00016066981946526187,-3.333459480560607e-05,5.1971618073815674e-05,-3.46756331711381e-08
12240.0,1.0666396904830384,0.71312065793202,-0.00017351937806235534,-3.4226708266251984e-05,5.1386685156158275e-05,-3.672689120296966e-08
12600.0,1.054159059629728,0.7315123031397283,-0.0001871232371708681,-3.510836977413326e-05,5.07866178631849e-05,-3.886154008623478e-08
12960.0,1.041362943401415,0.7496852330373555,-0.0002015058197931618,-3.597937310005969e-05,5.017163526355281e-05,-4.104695668489826e-08
13320.0,1.0282552111480676,0.767634114642783,-0.00021667830538788627,-3.683954295609236e-05,4.9541935743540906e-05,-4.324272875910238e-08
13680.0,1.0148397908282056,0.7853536808060254,-0.0002326365887918718,-3.768872694729782e-05,4.8897685045527e-05,-4.540536218856047e-08
14040.0,1.0011206634831207,0.8028387171781547,-0.00024936137857315815,-3.8526779333605e-05,4.823901058610719e-05,-4.749525039403202e-08
14400.0,0.9871018645385276,0.8200840488633722,-0.00026682097317896474,-3.935354015742563e-05,4.756600576873787e-05,-4.948425514952643e-08
14760.0,0.972787492610665,0.837084530567154,-0.00028497656752680543,-4.016881545169929e-05,4.6878744888037415e-05,-5.1361845025449655e-08
15120.0,0.9581817243432078,0.853835043616112,-0.000303789231585622,-4.09723643950471e-05,4.61773056370212e-05,-5.313800672137217e-08
15480.0,0.9432888319842584,0.8703305016199526,-0.00032322720067417166,-4.176389733308667e-05,4.546179353890809e-05,-5.4842005210710425e-08
15840.0,0.9281131995749351,0.8865658642967059,-0.0003432719903415676,-4.2543085269076673e-05,4.473236185237932e-05,-5.651723030189017e-08
16200.0,0.9126593340391627,0.902536156853697,-0.00036392213538734703,-4.330957798939094e-05,4.398922191377542e-05,-5.821343702374079e-08
16560.0,0.8969318689490626,0.9182364910157848,-0.0003851939531971313,-4.406302567970215e-05,4.323264190719223e-05,-5.997831414243682e-08
16920.0,0.8809355607291897,0.9336620837007454,-0.0004071194472879823,-4.480309846222222e-05,4.246293552554317e-05,-6.185031553643678e-08
17280.0,0.8646752788560583,0.9488082703848469,-0.0004297420733056585,-4.5529499728364874e-05,4.168044462646745e-05,-6.385410717761454e-08
17640.0,0.8481559926484586,0.9636705119052597,-0.00045311141640316484,-4.624197172071321e-05,4.0885520926152264e-05,-6.599906367285833e-08
18000.0,0.8313827573155674,0.9782443951486549,-0.00047727781606859656,-4.694029442453757e-05,4.007851087306871e-05,-6.828033956706468e-08
18360.0,0.8143607012146605,0.992525629203969,-0.000502287685152189,-4.7624280460744245e-05,3.9259745704079985e-05,-7.068145601649472e-08
18720.0,0.7970950152261178,1.0065100388469659,-0.000528179856246687,-4.829376884320792e-05,3.842953634861397e-05,-7.3177248795007e-08
19080.0,0.7795909442909723,1.0201935567937872,-0.000554982926646651,-4.8948619368306405e-05,3.758817132203481e-05,-7.573638287827696e-08
19440.0,0.7618537808105018,1.0335722154190718,-0.0005827133924243134,-4.958870777807912e-05,3.673591558138793e-05,-7.832324138340664e-08
19800.0,0.7438888598049809,1.0466421380667632,-0.0006113743985015761,-5.021392058660908e-05,3.587300937562943e-05,-8.089955147327469e-08
20160.0,0.7257015562048265,1.0593995300161019,-0.0006409551199842123,-5.082414823122901e-05,3.499966770338127e-05,-8.342636797961896e-08
20520.0,0.7072972849970215,1.071840669622617,-0.0006714309992700426,-5.141927610575236e-05,3.411608216782271e-05,-8.586689066605296e-08
20880.0,0.6886815048398768,1.0839619008492687,-0.0007027651568466186,-5.19991745718471e-05,3.3222427087092717e-05,-8.819011912995275e-08
21240.0,0.6698597251014277,1.0957596288917042,-0.0007349111902725152,-5.2563690405892536e-05,3.2318870532576266e-05,-9.037477211900728e-08
21600.0,0.6508375152807163,1.1072303205021075,-0.0007678172868508463,-5.311264255618868e-05,3.1405589009647474e-05,-9.241248722878423e-08
21960.0,0.6316205148547013,1.1183705098048287,-0.0008014312014606421,-5.364582421790439e-05,3.0482782660507903e-05,-9.430927838428212e-08
22320.0,0.6122144411906013,1.1291768090860284,-0.0008357053405976852,-5.416301133854711e-05,2.955068705241452e-05,-9.60846139264995e-08
22680.0,0.5926250935185916,1.1396459226992421,-0.000870601081638173,-5.466397550126433e-05,2.8609578296000726e-05,-9.776816052377057e-08
23040.0,0.5728583520030893,1.1497746613873938,-0.0009060916059090219,-5.514849761951731e-05,2.7659770244555045e-05,-9.939496080603956e-08
23400.0,0.5529201723133575,1.1595599543317503,-0.0009421628978291364,-5.561637868878143e-05,2.6701605085699665e-05,-1.0100029219375098e-07
23760.0,0.5328165772586227,1.1689988571130288,-0.000978813033471303,-5.606744509379426e-05,2.573544070905104e-05,-1.0261549624752899e-07
24120.0,0.5125536475756751,1.1780885551663771,-0.0010160502826746048,-5.6501548153212416e-05,2.4761638955624798e-05,-1.0426564730412626e-07
24480.0,0.4921375136622684,1.1868263636702532,-0.001053890736498553,-5.691855977410107e-05,2.3780557929940996e-05,-1.0596920507089031e-07
24840.0,0.47157434910975643,1.1952097255898446,-0.0010923560857001005,-5.731836734989401e-05,2.2792549393210285e-05,-1.077390505473381e-07
25200.0,0.4508703657514498,1.2032362095129767,-0.0011314718629747802,-5.770087082985798e-05,2.1797959805055643e-05,-1.0958383314981727e-07
25560.0,0.43003180913858297,1.210903508064947,-0.0011712660593279848,-5.806598332033445e-05,2.0797131925859127e-05,-1.1150854925623574e-07
25920.0,0.409064953260714,1.218209436505538,-0.0012117677073880263,-5.841363435909644e-05,1.9790403778957713e-05,-1.1351373577632061e-07
26280.0,0.387976093996351,1.2251519301882328,-0.001253004933533319,-5.874377314870405e-05,1.8778103278978298e-05,-1.1559341472925494e-07
26640.0,0.3667715419130846,1.2317290393854876,-0.0012950021679002117,-5.905636842060125e-05,1.776053932044477e-05,-1.1773266325348968e-07
27000.0,0.34545761610442005,1.237938920718336,-0.0013377766046653169,-5.9351402581938856e-05,1.673799249625432e-05,-1.199061014613182e-07
27360.0,0.324040641219439,1.2437798258301949,-0.0013813344700011605,-5.962886003384936e-05,1.571070979433625e-05,-1.2207849858908505e-07
27720.0,0.30252694940872077,1.2492500894533183,-0.0014256679927253672,-5.988871214406921e-05,1.4678906993524896e-05,-1.2420810032065815e-07
28080.0,0.28092288764400525,1.2543481199828668,-0.0014707540318893598,-6.013090322072292e-05,1.364278018266699e-05,-1.2625237773849918e-07
28440.0,0.25923482919445423,1.2590723956308016,-0.001516555042930034,-6.035534214877411e-05,1.2602524699802179e-05,-1.2817501498594581e-07
28800.0,0.2374691865746643,1.2634214680938785,-0.001563022526937805,-6.056190291314607e-05,1.1558357035377827e-05,-1.2995241416080141e-07
29160.0,0.21563242257856635,1.2673939737767403,-0.0016101024721861495,-6.07504345454826e-05,1.0510533942090328e-05,-1.3157800701807144e-07
29520.0,0.19373105635779714,1.2709886505986,-0.001657741768778604,-6.0920778097886625e-05,9.459363655393796e-06,-1.3306323047735425e-07
29880.0,0.17177166278102446,1.274204356963605,-0.0017058943268079111,-6.107278615827762e-05,8.405206496733746e-06,-1.3443495328400095e-07
30240.0,0.14976086506899677,1.277040089056617,-0.0017545257309309727,-6.120633991595615e-05,7.3484652992362845e-06,-1.3573011420944946e-07
30600.0,0.12770532233061577,1.2794949933147886,-0.0018036156745116895,-6.13213599597068e-05,6.289568886595714e-06,-1.3698902082077358e-07
30960.0,0.10561171460674706,1.2815683723987243,-0.001853157988797745,-6.141780928708763e-05,5.228953285201016e-06,-1.3824894851567184e-07
31320.0,0.08348672812227366,1.2832596846732272,-0.0019031586270645362,-6.149568946872574e-05,4.167045079464712e-06,-1.3953934675240727e-07
31680.0,0.06133704276794609,1.2845685385267265,-0.001953632316438467,-6.155503260769965e-05,3.104249657379303e-06,-1.4087926726355702e-07
32040.0,0.03916932277132207,1.285494683451161,-0.0020045986707740698,-6.159589212615837e-05,2.0409448850518167e-06,-1.4227686038440123e-07
32400.0,0.016990210546876414,1.286037999652394,-0.002056078392446828,-6.161833456242973e-05,9.774789698614054e-07,-1.4373022846241708e-07
32760.0,-0.0051936768080154926,1.2861984873552847,-0.002108089892597062,-6.162243306157763e-05,-8.582940404441166e-08,-1.452287615523188e-07
33120.0,-0.02737574889356823,1.2859762563411528,-0.0021606463771660788,-6.160826190752187e-05,-1.1486900572103163e-06,-1.4675432069674264e-07
33480.0,-0.04954944142971639,1.285371515969951,-0.0022137533015261224,-6.157589093348112e-05,-2.210839552306062e-06,-1.482821221623354e-07
33840.0,-0.07170821353047444,1.2843845661149893,-0.0022674061351049494,-6.152537916081267e-05,-3.2720376546581884e-06,-1.4978166161944215e-07
34200.0,-0.09384554261257023,1.283015789907305,-0.002321588553569503,-6.145676822065732e-05,-4.332060616337418e-06,-1.5121826359760914e-07
34560.0,-0.11595491714771385,1.2812656495897068,-0.0023762713770526913,-6.137007731289418e-05,-5.3906906214495785e-06,-1.5255572545635402e-07
34920.0,-0.13802982821569662,1.2791346867529794,-0.0024314126705923477,-6.12653019374188e-05,-6.447702293454356e-06,-1.5376008836269527e-07
35280.0,-0.16006376154166144,1.27662352759361,-0.002486959332470947,-6.114241800956945e-05,-7.502848824133702e-06,-1.5480399904285376e-07
35640.0,-0.18205019201774983,1.2737328927137728,-0.0025428502156207814,-6.100139139031072e-05,-8.55585119544332e-06,-1.5567068124686074e-07
36000.0,-0.20398258237381012,1.2704636097627764,-0.002599020442728658,-6.0842190950578135e-05,-9.606393575759249e-06,-1.5635642944009227e-07
36360.0,-0.2258543867048992,1.2668166263797653,-0.0026554062283718773,-6.066480188345136e-05,-1.0654126293648618e-05,-1.5687084959104682e-07
36720.0,-0.24765905829684948,1.26279302081057,-0.0027119493506353514,-6.046923574042016e-05,-1.16986754295595e-05,-1.5723471073677048e-07
37080.0,-0.269390060085083,1.2583940083172116,-0.002768600498898817,-6.0255534776057996e-05,-1.2739655968548949e-05,-1.5747600354447644e-07
37440.0,-0.2910408755631021,1.2536209428136889,-0.0028253210465842295,-6.002377022853773e-05,-1.3776684508183689e-05,-1.5762534627462684e-07
37800.0,-0.31260501821976544,1.24847531453925,-0.0028820832471125805,-5.9774036304963587e-05,-1.4809388133697068e-05,-1.577120167129782e-07
38160.0,-0.33407603849697176,1.2429587454808406,-0.002938869265210844,-5.950644297592415e-05,-1.5837408008717653e-05,-1.5776155804337316e-07
38520.0,-0.3554475284134714,1.2370729843411719,-0.002995669682050101,-5.9221110640442515e-05,-1.6860398655662617e-05,-1.5779522963109288e-07
38880.0,-0.3767131248846463,1.2308199021326054,-0.003052482071314404,-5.8918168323710724e-05,-1.7878025753431645e-05,-1.5783081392474567e-07
39240.0,-0.39786651299146786,1.2242014883293302,-0.0031093099596231936,-5.859775494096011e-05,-1.8889965727104742e-05,-1.5788375135927086e-07
39600.0,-0.41890142992134366,1.2172198465006772,-0.003166162082212804,-5.826002126899039e-05,-1.9895909212658502e-05,-1.5796747877148848e-07
39960.0,-0.43981166927381693,1.2098771879987555,-0.003223051497937908,-5.790512950324474e-05,-2.08955681406503e-05,-1.580922441506013e-07
40320.0,-0.4605910843949415,1.2021758228229413,-0.00327999399338834,-5.753324806052974e-05,-2.188868372063662e-05,-1.5826241537159244e-07
40680.0,-0.48123358890638723,1.194118148068847,-0.003337005359873455,-5.7144541359239053e-05,-2.2875031151672425e-05,-1.5847310209763272e-07
41040.0,-0.5017331529549633,1.1857066358759327,-0.0033940975302268984,-5.673915682781249e-05,-2.3854417180902226e-05,-1.587074434498272e-07
41400.0,-0.5220837948915965,1.1769438238556555,-0.003451274072037186,-5.6317213274199573e-05,-2.4826668711660612e-05,-1.589359470474315e-07
41760.0,-0.5422795696974103,1.167832311080098,-0.0035085259551806253,-5.58787951266623e-05,-2.5791613797794652e-05,-1.5911875118579428e-07
42120.0,-0.5623145568960506,1.1583747616682287,-0.0035658286710182163,-5.542395565432376e-05,-2.674905934923447e-05,-1.5921078371238059e-07
42480.0,-0.5821828513455182,1.1485739160990933,-0.0036231415934845617,-5.495272954447192e-05,-2.769877152242869e-05,-1.5916882273057661e-07
42840.0,-0.6018785598802731,1.1384326082361549,-0.0036804099771331994,-5.4465152156883516e-05,-2.8640464384868393e-05,-1.589587750810312e-07
43200.0,-0.6213958053685215,1.1279537844044896,-0.0037375693347908297,-5.3961280546952735e-05,-2.957380011914184e-05,-1.5856133222118688e-07
43560.0,-0.6407287378244938,1.1171405202873925,-0.0037945513373185183,-5.344121078373942e-05,-3.049840061379334e-05,-1.5797460168200239e-07
43920.0,-0.65987155042434,1.1059960320744573,-0.003851290022681706,-5.290508736644312e-05,-3.141386702918293e-05,-1.5721319286171484e-07
44280.0,-0.6788184972033612,1.0945236799234543,-0.003907727097610818,-5.23531031274613e-05,-3.231980198267426e-05,-1.5630424873285547e-07
44640.0,-0.6975639091577851,1.0827269637900183,-0.003963815446398772,-5.1785490885140526e-05,-3.321582897111826e-05,-1.552817102086302e-07
45000.0,-0.7161022063426822,1.0706095133492977,-0.004019520498365267,-5.120251020477037e-05,-3.410160537024145e-05,-1.541804180377508e-07
45360.0,-0.7344279049282209,1.0581750745879877,-0.004074819656740237,-5.0604433256948315e-05,-3.497682798537911e-05,-1.5303142336704718e-07
45720.0,-0.7525356194941568,1.0454274955553793,-0.00412970037652256,-4.999153288788136e-05,-3.584123255419444e-05,-1.5185922422549526e-07
46080.0,-0.7704200616547081,1.0323707129825501,-0.004184157593544274,-4.936407421835845e-05,-3.6694589893650194e-05,-1.506808516014916e-07
46440.0,-0.7880760362412393,1.0190087405018073,-0.0042381910589007555,-4.872230928199723e-05,-3.7536701189386123e-05,-1.4950611096792185e-07
46800.0,-0.8054984358830155,1.0053456585170961,-0.004291802830317139,-4.806647322451452e-05,-3.836739358446577e-05,-1.4833806900896778e-07
47160.0,-0.8226822342946828,0.991385605662145,-0.004344994874464454,-4.7396780783497736e-05,-3.918651557324502e-05,-1.4717311117732558e-07
47520.0,-0.8396224783052711,0.9771327721768193,-0.004397766584380539,-4.671342291602925e-05,-3.999393067394271e-05,-1.46000443792311e-07
47880.0,-0.8563142788712473,0.9625913960898437,-0.0044501120805241386,-4.601656482872774e-05,-4.078950802457203e-05,-1.4480150720941139e-07
48240.0,-0.8727528019386722,0.9477657633705392,-0.004502017406521447,-4.530634745577605e-05,-4.1573109888874235e-05,-1.4355012229313995e-07
48600.0,-0.8889332607289553,0.93266021288137,-0.0045534580293964165,-4.458289407234742e-05,-4.234457793717889e-05,-1.4221413307915106e-07
48960.0,-0.9048509113881917,0.9172791460007829,-0.0046043972540455716,-4.384632223143373e-05,-4.3103721637934946e-05,-1.4075883559934742e-07
49320.0,-0.9205010536418633,0.9016270394955466,-0.004654786142266424,-4.3096759159807245e-05,-4.385031234630243e-05,-1.3915177913478128e-07
49680.0,-0.9358790370966731,0.8857084591149802,-0.004704565255506445,-4.2334357060008274e-05,-4.4584085414062107e-05,-1.3736788280665776e-07
50040.0,-0.950980272418676,0.8695280709505583,-0.004753668092132443,-4.155930426903599e-05,-4.5304750258579816e-05,-1.353935081495199e-07
50400.0,-0.9658002453026199,0.8530906481027964,-0.0048020256199987335,-4.07718292711485e-05,-4.601200574270551e-05,-1.332283204483653e-07
50760.0,-0.9803345304497756,0.8364010714993557,-0.00484957098999691,-3.997219683418897e-05,-4.670555650248044e-05,-1.3088441635811528e-07
51120.0,-0.9945788029857094,0.8194643253502497,-0.004896243482774802,-3.916069815677943e-05,-4.73851257610846e-05,-1.2838306565530015e-07
51480.0,-1.0085288458050357,0.8022854890889911,-0.0049419910124363885,-3.83376388006396e-05,-4.805046176601118e-05,-1.2575018380028872e-07
51840.0,-1.022180552804259,0.7848697282179943,-0.004986770994537085,-3.750332853193157e-05,-4.870133763911359e-05,-1.2301201989176635e-07
52200.0,-1.0355299292504134,0.7672222860650897,-0.00503054990368165,-3.6658075839547675e-05,-4.9337547027201096e-05,-1.2019236004646146e-07
52560.0,-1.0485730911004554,0.749348477292203,-0.005073302204073493,-3.5802187406106937e-05,-4.9958899377680056e-05,-1.1731187024901996e-07
52920.0,-1.06130626471133,0.731253682627756,-0.0051150093988206555,-3.493597026521677e-05,-5.0565218314418905e-05,-1.1438929094914637e-07
53280.0,-1.0737257872576849,0.7129433433630825,-0.005155659688699747,-3.405973293271004e-05,-5.1156344593227064e-05,-1.1144340325307783e-07
53640.0,-1.08582810684467,0.6944229541151328,-0.005195248261784479,-3.31737821566972e-05,-5.173214233774642e-05,-1.0849433132656269e-07
54000.0,-1.0976097804302078,0.6756980532762588,-0.00523377774343375,-3.227841403063499e-05,-5.229250492914189e-05,-1.0556298274904138e-07
54360.0,-1.1090674677511758,0.6567742120771835,-0.005271258028756136,-3.137390121987427e-05,-5.2837356129611e-05,-1.0266818555686592e-07
54720.0,-1.120197920582635,0.6376570246223849,-0.005307704738903247,-3.0460480682034994e-05,-5.336664322278846e-05,-9.9822079592224e-08
55080.0,-1.1309979684860623,0.6183521019418615,-0.005343135907843579,-2.953834731456372e-05,-5.388032177916939e-05,-9.702517916516377e-08
55440.0,-1.1414645040215268,0.5988650726340073,-0.0053775671026995925,-2.8607657835576054e-05,-5.4378335023239884e-05,-9.426290325433719e-08
55800.0,-1.1515944714471127,0.5792015910987587,-0.005411005798443942,-2.7668546169478686e-05,-5.486059333964599e-05,-9.150509960338486e-08
56160.0,-1.1613848626934662,0.5593673521782738,-0.005443446238452486,-2.6721147736532474e-05,-5.5326960136072066e-05,-8.870924060911583e-08
56520.0,-1.1708327228390922,0.5393681089997788,-0.005474866054272305,-2.576562678912734e-05,-5.577724873053065e-05,-8.582682929104688e-08
56880.0,-1.1799351648856562,0.5192096896855717,-0.005505225556878698,-2.48021995554826e-05,-5.621123167245111e-05,-8.281152255255248e-08
57240.0,-1.1886893911430614,0.49889800877355545,-0.005534469955584786,-2.3831146999298946e-05,-5.6628660127694024e-05,-7.962692059212128e-08
57600.0,-1.1970927168166352,0.47843907061502344,-0.005562534021323164,-2.2852814109065698e-05,-5.702928803420726e-05,-7.625207974134307e-08
57960.0,-1.2051425909946152,0.4578389641753078,-0.005589348127253058,-2.1867596643585076e-05,-5.7412894686618e-05,-7.268353442183769e-08
58320.0,-1.212836611227351,0.43710385080836767,-0.005614844352005889,-2.0875919717959065e-05,-5.7779300504200974e-05,-6.893369464612711e-08
58680.0,-1.2201725298395674,0.4162399480144123,-0.00563896147813813,-1.9878214324676206e-05,-5.8128373419156155e-05,-6.502653230224797e-08
59040.0,-1.2271482522857968,0.39525351254132624,-0.0056616481805890125,-1.8874897387922177e-05,-5.8460026465312044e-05,-6.09921228027338e-08
59400.0,-1.233761829503521,0.3741508255135401,-0.005682864293195465,-1.7866358669608155e-05,-5.877420953997514e-05,-5.686166817537008e-08
59760.0,-1.2400114468794239,0.35293818099867974,-0.005702580549884675,-1.685295487362091e-05,-5.907089915268312e-05,-5.266412167475553e-08
60120.0,-1.2458954121043044,0.33162187815026395,-0.0057207774551841445,-1.5835008903042034e-05,-5.9350089175042695e-05,-4.842470056117891e-08
60480.0,-1.2514121432422818,0.3102082162923138,-0.005737443889789393,-1.481281132479286e-05,-5.9611783775265896e-05,-4.416476180737676e-08
60840.0,-1.2565601573737344,0.2887034922356087,-0.005752575769538109,-1.3786621867896536e-05,-5.98559918563853e-05,-3.990204595126313e-08
61200.0,-1.2613380597046258,0.2671139995730021,-0.005766174709628225,-1.2756670633970304e-05,-6.008272133755137e-05,-3.5650334909796685e-08
61560.0,-1.265744533271962,0.24544603027784956,-0.00577824638195993,-1.1723160566369221e-05,-6.029197195327246e-05,-3.141807306209729e-08
61920.0,-1.2697783301260606,0.22370587917489898,-0.005788798220391885,-1.0686273569513142e-05,-6.048372665872634e-05,-2.7206229204619032e-08
62280.0,-1.2734382656510699,0.2018998515070944,-0.005797836348924769,-9.646181963092911e-06,-6.065794344488394e-05,-2.300630103880564e-08
62640.0,-1.2767232179551053,0.1800342729470208,-0.005805361989294854,-8.603064925606426e-06,-6.081455044455784e-05,-1.8799599076109637e-08
63000.0,-1.279632133689513,0.15811550036084915,-0.005811367978981667,-7.557127120371644e-06,-6.095344699073439e-05,-1.455866996776758e-08
63360.0,-1.2821640402964691,0.13614993092343453,-0.005815836223716864,-6.508614964459691e-06,-6.107451171287734e-05,-1.0251020191459453e-08
63720.0,-1.284318062975157,0.11414400720507742,-0.005818736812625457,-5.457825898743245e-06,-6.117761641238622e-05,-5.8444489282403614e-09
64080.0,-1.286093443250197,0.09210421670898976,-0.0058200291454554,-4.405107767772813e-06,-6.126264232854881e-05,-1.312635819209146e-09
64440.0,-1.287489555505845,0.07003708577826986,-0.005819664881856425,-3.350848434854602e-06,-6.132949443559102e-05,3.360567126317889e-09
64800.0,-1.288505918471977,0.04794916929020156,-0.005817592014838087,-2.2954588708334935e-06,-6.137811007683475e-05,8.179319615255221e-09
65160.0,-1.2891422002147195,0.025847038543119993,-0.005813759083054074,-1.2393549013609764e-06,-6.140846032382965e-05,1.3136817244524613e-08
65520.0,-1.2893982171090008,0.003737269843903792,-0.005808118579642822,-1.8294276424656694e-07,-6.142054510585194e-05,1.821855871103704e-08
65880.0,-1.2892739288133157,-0.018373564486252523,-0.005800628975388785,8.73388382535351e-07,-6.141438527943312e-05,2.340651750993552e-08
66240.0,-1.2887694318456546,-0.040478902287012876,-0.005791255315846499,1.9292670137481816e-06,-6.139001550118517e-05,2.8682645123221627e-08
66600.0,-1.287884953796004,-0.06257219576873502,-0.005779968869155872,2.9843358217346636e-06,-6.134748074197424e-05,3.403050143599191e-08
66960.0,-1.28662084881411,-0.0846469152456512,-0.005766746594264419,4.0382487994101116e-06,-6.128683699711046e-05,3.9434643823472644e-08
67320.0,-1.2849775934523984,-0.10669655361675814,-0.0057515711536714935,5.090672654242812e-06,-6.12081542302536e-05,4.4878389090848765e-08
67680.0,-1.2829557809739218,-0.12871463178255532,-0.0057344318269544605,6.141293865122726e-06,-6.111151799146441e-05,5.034130918717084e-08
68040.0,-1.2805561123613602,-0.1506947038669247,-0.005715326134612458,7.189829351041547e-06,-6.099702625278774e-05,5.5798033019231865e-08
68400.0,-1.2777793835218954,-0.17263036015831765,-0.005694261473795898,8.236036013431663e-06,-6.086477986390927e-05,6.121950373492068e-08
68760.0,-1.2746264701060455,-0.1945152256167593,-0.005671255807923153,9.279713586358477e-06,-6.0714867929758576e-05,6.657692609500701e-08
69120.0,-1.2710983131520603,-0.21634295277836219,-0.005646336562158516,1.0320696780457725e-05,-6.054735214642893e-05,7.184756563606622e-08
69480.0,-1.2671959096311174,-0.2381072096441049,-0.005619537340759169,1.135883616497835e-05,-6.036225550583934e-05,7.70207312139019e-08
69840.0,-1.2629203114275782,-0.25980166503085356,-0.005590892751158814,1.239397132271709e-05,-6.015956011221389e-05,8.210200328915162e-08
70200.0,-1.258272634399331,-0.28141997515321604,-0.005560432263454005,1.3425902960493409e-05,-5.993921627680925e-05,8.711417738842663e-08
70560.0,-1.2532540765077642,-0.30295577535180795,-0.005528174425730209,1.4454371618421912e-05,-5.970116148035485e-05,9.209434429300829e-08
70920.0,-1.2478659414768711,-0.32440267976078807,-0.0054941227541200404,1.5479048978161515e-05,-5.944534454287658e-05,9.708769612185973e-08
71280.0,-1.2421096628982005,-0.3457542896628688,-0.005458264217045394,1.649954409929573e-05,-5.917174863190503e-05,1.0213962481787858e-07
71640.0,-1.2359868236487035,-0.36700420900216096,-0.005420570568403348,1.7515422547120927e-05,-5.888040718817765e-05,1.0728813401150706e-07
72000.0,-1.2294991668991269,-0.38814606377629235,-0.0053810020747430375,1.8526232871585742e-05,-5.8571409233270784e-05,1.1255837763841586e-07
72360.0,-1.222648597320632,-0.40917352135289214,-0.005339512653963578,1.9531533427314025e-05,-5.824489389744665e-05,1.1796036958055117e-07
72720.0,-1.2154371735239613,-0.4300803062796864,-0.005296055250924546,2.053091343649723e-05,-5.7901037090315824e-05,1.2348987447625568e-07
73080.0,-1.2078670945085803,-0.45086021056933434,-0.005250586446464515,2.1524004922056617e-05,-5.754003494624691e-05,1.2913156741392257e-07
73440.0,-1.1999406835107276,-0.47150709813801184,-0.005203069729999008,2.251048547310555e-05,-5.716208854246313e-05,1.3486305397876006e-07
73800.0,-1.1916603721426045,-0.4920149044292651,-0.005153477377514756,2.3490074429240603e-05,-5.676739271201248e-05,1.406584097898329e-07
74160.0,-1.1830286865456647,-0.5123776328558096,-0.005101791271892966,2.4462526091827343e-05,-5.635612945319068e-05,1.4649044740722516e-07
74520.0,-1.1740482360645765,-0.5325893495050946,-0.0050480031509887455,2.542762285652667e-05,-5.5928464546366466e-05,1.5233168687231748e-07
74880.0,-1.1647217042167297,-0.5526441768895008,-0.00499211465114495,2.6385169334586584e-05,-5.5484545307253345e-05,1.5815466352031455e-07
75240.0,-1.155051841702203,-0.5725362868633856,-0.004934137221588647,2.7334986642681187e-05,-5.502449809064092e-05,1.639324860417318e-07
75600.0,-1.145041461705994,-0.5922598925959941,-0.0048740916784016245,2.827690507787254e-05,-5.4548425709865925e-05,1.69640359625487e-07
75960.0,-1.134693438349692,-0.6118092398370234,-0.0048120070045703615,2.921075383169908e-05,-5.4056406453065634e-05,1.7525821652551458e-07
76320.0,-1.1240107093702951,-0.6311785984631763,-0.004747918076386141,3.0136348002863282e-05,-5.354849698715502e-05,1.807739087655572e-07
76680.0,-1.1129962836532072,-0.650362256028595,-0.00468186229187507,3.105347512597136e-05,-5.302474071734765e-05,1.8618592190192735e-07
77040.0,-1.1016532531810044,-0.6693545153001171,-0.004613875479780955,3.196188473345596e-05,-5.248518133615581e-05,1.915044931686842e-07
77400.0,-1.0899848076629692,-0.6881496972678911,-0.00454398781063111,3.286128437559322e-05,-5.192987913123071e-05,1.9675041780191589e-07
77760.0,-1.0779942491250032,-0.7067421499425229,-0.004472220563103632,3.375134392836353e-05,-5.135892611542644e-05,2.0195156306487842e-07
78120.0,-1.0656850035210486,-0.7251262617668484,-0.004398584446682421,3.463170749679962e-05,-5.077245594332637e-05,2.0713789800417663e-07
78480.0,-1.0530606271331413,-0.743296477238967,-0.004323079783623582,3.5502009790773816e-05,-5.017064604287934e-05,2.123363764074683e-07
78840.0,-1.0401248069346647,-0.7612473118501415,-0.004245698346239349,3.6361892526025464e-05,-4.955371189189685e-05,2.1756706453779676e-07
79200.0,-1.0268813556819114,-0.7789733638884033,-0.004166426212594152,3.721101674814815e-05,-4.892189590806903e-05,2.2284145129834808e-07
79560.0,-1.013334203675814,-0.7964693218659673,-0.004085246803165424,3.804906884661481e-05,-4.82754549535158e-05,2.2816308336517045e-07
79920.0,-0.9994873894778267,-0.8137299678016009,-0.004002143363569067,3.8875760621878514e-05,-4.761465034744498e-05,2.3352983494105472e-07
80280.0,-0.9853450513073322,-0.8307501777267214,-0.003917100518230342,3.9690825981065365e-05,-4.693974259704701e-05,2.389365735820248e-07
80640.0,-0.9709114197122123,-0.8475249211362658,-0.003830104990877732,4.049401772538463e-05,-4.625099054461345e-05,2.443769350934877e-07
81000.0,-0.9561908109526713,-0.8640492605709552,-0.003741145979717125,4.1285107094391415e-05,-4.554865240613629e-05,2.498433936969613e-07
81360.0,-0.941187619930449,-0.880318351392757,-0.0036502158276843157,4.206388663146832e-05,-4.483298525122651e-05,2.553256260757389e-07
81720.0,-0.9259063117383174,-0.8963274406702711,-0.003557311474077247,4.2830174498612874e-05,-4.410424030056044e-05,2.6080800100956175e-07
82080.0,-0.9103514119119256,-0.9120718635229632,-0.0034624367671656528,4.3583816733615905e-05,-4.336265368369554e-05,2.6626754745742417e-07
82440.0,-0.8945274967866106,-0.9275470356423773,-0.0033656052146751048,4.432468392164489e-05,-4.2608435043558614e-05,2.71673745012473e-07
82800.0,-0.878439186368388,-0.9427484419671042,-0.0032668423509681047,4.50526604742038e-05,-4.184175837632859e-05,2.769909237504301e-07
83160.0,-0.8620911422864586,-0.9576716231822324,-0.0031661867746140097,4.5767627543540825e-05,-4.106275979989899e-05,2.8218314755885215e-07
83520.0,-0.8454880724983793,-0.9723121631574846,-0.0030636891288870357,4.646944341611736e-05,-4.027154527018477e-05,2.872205172766904e-07
83880.0,-0.8286347426931949,-0.9866656809921215,-0.0029594088055132886,4.715792685254583e-05,-3.946820814643177e-05,2.920852140232363e-07
84240.0,-0.8115359923608496,-1.000727830673313,-0.002853408786010407,4.783284855040679e-05,-3.8652853092585555e-05,2.9677554110232593e-07
84600.0,-0.7941967519763516,-1.014494309609651,-0.0027457495835905574,4.8493933729487526e-05,-3.7825620395883454e-05,3.013067459552866e-07
84960.0,-0.7766220572431729,-1.0279608750219875,-0.0026364835280127197,4.914087554886859e-05,-3.698670432093717e-05,3.057083313314612e-07
85320.0,-0.7588170570425363,-1.041123365118716,-0.0025256505558863725,4.9773355864602115e-05,-3.613636078834218e-05,3.100185738344925e-07
85680.0,-0.7407870133956722,-1.0539777208299124,-0.0024132762639339483,5.039106787308938e-05,-3.5274902847966495e-05,3.1427771327899227e-07
86040.0,-0.7225372937841046,-1.066520003966378,-0.0022993723954522183,5.0993735098589704e-05,-3.4402685931718286e-05,3.185215180617676e-07
86400.0,-0.7040733579084322,-1.078746408894635,-0.002183939357204425,5.158112287221394e-05,-3.3520087466727536e-05,3.227766199811014e-07
86760.0,-0.685400741881812,-1.090653266678231,-0.0020669699827538172,5.2153041147809166e-05,-3.2627486274678264e-05,3.2705829737067415e-07
87120.0,-0.666525042780043,-1.1022370424561225,-0.0019484536647407884,5.2709340119963416e-05,-3.172524616915358e-05,3.3137055465647884e-07
87480.0,-0.6474519056155136,-1.1134943280336405,-0.001828380157907064,5.3249901701571e-05,-3.081370590573976e-05,3.3570770789091113e-07
87840.0,-0.6281870136344807,-1.124421831983862,-0.0017067426950694371,5.377463004808897e-05,-2.9893175177819e-05,3.4005645158231327e-07
88200.0,-0.6087360818621895,-1.1350163691118897,-0.0015835404014264212,5.428344320080317e-05,-2.8963934686601795e-05,3.443975917154787e-07
88560.0,-0.5891048533665835,-1.1452748503252204,-0.0014587801991306547,5.477626628498845e-05,-2.8026237994255853e-05,3.4870714401610995e-07
88920.0,-0.5692990978081476,-1.15519427326443,-0.0013324783980192957,5.5253025410522856e-05,-2.7080313786168925e-05,3.529570618517172e-07
89280.0,-0.5493246122421962,-1.164771713817667,-0.0012046619996209271,5.571364109615883e-05,-2.612636865567631e-05,3.57116215008051e-07
89640.0,-0.529187224460773,-1.1740043189157447,-0.0010753695079665933,5.615802076446972e-05,-2.5164591695636987e-05,3.611522302084998e-07
90000.0,-0.5088927990929121,-1.182889301533621,-0.0009446508786991393,5.658605118104951e-05,-2.419516235472649e-05,3.6503443249464423e-07
90360.0,-0.4884472461409333,-1.1914239392028807,-0.0008125662518213018,5.6997592878553255e-05,-2.3218262033730086e-05,3.687375588958866e-07
90720.0,-0.46785653080720585,-1.1996055772145888,-0.0006791833290469981,5.739247891661749e-05,-2.223408819300215e-05,3.7224540650890076e-07
91080.0,-0.4471266827373339,-1.207431636944407,-0.0005445736084240674,5.777051948815662e-05,-2.124286813852189e-05,3.7555336219479107e-07
91440.0,-0.4262638025560178,-1.2148996285527909,-0.0004088080448482436,5.813151215012783e-05,-2.0244868974138995e-05,3.7866895840681766e-07
91800.0,-0.40527406400427934,-1.222007166129506,-0.00027195292108096074,5.847525553887556e-05,-1.9240400886942564e-05,3.8161015704689325e-07
92160.0,-0.3841637110154892,-1.2287519826411297,-0.0001340666934679612,5.880156316396517e-05,-1.8229812801903952e-05,3.844017763000884e-07
92520.0,-0.3629390503400155,-1.235131942114823,4.8016871231551376e-06,5.9110273845612265e-05,-1.7213481784101183e-05,3.8707106791480394e-07
92880.0,-0.3416064413705978,-1.2411450473503818,0.00014461289673996914,5.940125662756514e-05,-1.6191799424916674e-05,3.896436876444328e-07
93240.0,-0.32017228524332897,-1.246789442770264,0.00028533614057946947,5.967441004851657e-05,-1.5165159048377465e-05,3.9214107955207714e-07
93600.0,-0.2986430149603848,-1.2520634132782342,0.0004269474425153116,5.9929657625304366e-05,-1.4133946673568878e-05,3.945796961471854e-07
93960.0,-0.27702508738777143,-1.256965380716798,0.0005694279465737098,6.01669424493889e-05,-1.309853667829057e-05,3.969717337770003e-07
94320.0,-0.25532497695181,-1.2614938994501785,0.0007127626244957798,6.038622348401892e-05,-1.2059290919120377e-05,3.9932647160204537e-07
94680.0,-0.2335491701712465,-1.2656476518628976,0.0008569394054992166,6.0587474637934114e-05,-1.101655865949467e-05,4.01651103618877e-07
95040.0,-0.2117041601340028,-1.2694254435687036,0.0010019483815062328,6.077068569113705e-05,-9.970674682996836e-06,4.039502353101753e-07
95400.0,-0.18979644066507942,-1.2728261974070174,0.0011477805537349543,6.0935862606750845e-05,-8.921954428697569e-06,4.0622387724769014e-07
95760.0,-0.16783250092016327,-1.2758489452800519,0.0012944256680186292,6.108302444812476e-05,-7.87068722716943e-06,4.0846454973939494e-07
96120.0,-0.14581882197436458,-1.278492817653337,0.0014418690232844648,6.121219527100448e-05,-6.817130701497712e-06,4.10654700437622e-07
96480.0,-0.12376187718572555,-1.2807570318286001,0.0015900876118204183,6.132339156159965e-05,-5.761510150494175e-06,4.127657808245016e-07
96840.0,-0.10166813747452248,-1.2826408813505383,0.0017390463802554467,6.141660813228735e-05,-4.704025769260024e-06,4.1475994220347546e-07
97200.0,-0.0795440813096917,-1.2841437295320643,0.00188869561111481,6.149180684045904e-05,-3.6448681278819287e-06,4.165945133944267e-07
97560.0,-0.05739620759459044,-1.2852650096912668,0.002038970314080082,6.154891235775606e-05,-2.584239313668838e-06,4.1822848830301627e-07
97920.0,-0.0352310484030709,-1.2860042332900437,0.002189792095524095,6.158781741449174e-05,-1.5223747309518239e-06,4.1962951812947635e-07
98280.0,-0.013055178141247178,-1.2863610051580632,0.002341073368889049,6.160839708571664e-05,-4.595597373881473e-07,4.2077963898959907e-07
98640.0,0.00912478360119081,-1.2863350430428349,0.0024927231700789293,6.161052882177664e-05,6.038635363391775e-07,4.216782714995695e-07
99000.0,0.031302176690529065,-1.2859261975144582,0.0026446534433533665,6.159411312568954e-05,1.6675010692077163e-06,4.223417991765004e-07
99360.0,0.0534703118548195,-1.2851344681809755,0.0027967845864794753,6.155908969608186e-05,2.730922054992169e-06,4.227999972040093e-07
99720.0,0.07562248651301282,-1.2839600132332893,0.0029490492992460997,6.150544546917771e-05,3.7936799985144313e-06,4.2309040969543476e-07
100080.0,0.09775200186040554,-1.2824031511325367,0.0031013942648786485,6.143321363813883e-05,4.855334372421681e-06,4.232521915287141e-07
100440.0,0.11985217820373836,-1.2804643551428694,0.003253779736741699,6.13424653747916e-05,5.915468056533553e-06,4.233208298264771e-07
100800.0,0.14191636650379158,-1.2781442427892153,0.00340617752580749,6.123329766917036e-05,6.973697857446938e-06,4.2332462490719516e-07
101160.0,0.16393795539943432,-1.2754435628306395,0.0035585680710132576,6.110582093295866e-05,8.029677960951908e-06,4.232830798419067e-07
101520.0,0.18591037413375866,-1.2723631820041084,0.0037109372074984985,6.096014891363539e-05,9.083098164246093e-06,4.232067154735642e-07
101880.0,0.2078270924090586,-1.2689040729533723,0.003863273007389617,6.079639170189901e-05,1.0133679473574706e-05,4.230975256277425e-07
102240.0,0.22968161818116142,-1.2650673038995222,0.004015562792976596,6.061465106257943e-05,1.1181169056406376e-05,4.229493961663943e-07
102600.0,0.25146749397619883,-1.2608540301343978,0.004167790248519308,6.041501666695107e-05,1.2225335133218459e-05,4.227482359779887e-07
102960.0,0.2731782918514045,-1.2562654874657029,0.004319932560131314,6.0197562252572435e-05,1.3265961039866056e-05,4.2247208255373263e-07
103320.0,0.29480760697323766,-1.2513029881476851,0.0044719576786998744,5.996234193062678e-05,1.4302837159529642e-05,4.220917929117584e-07
103680.0,0.3163490500957831,-1.2459679202224048,0.004623822032933315,5.97093880789547e-05,1.533575003632546e-05,4.215729346320037e-07
104040.0,0.33779623986142,-1.240261751193929,0.0047754691852482725,5.943871276896348e-05,1.6364469465481553e-05,4.208791290504129e-07
104400.0,0.3591427964751418,-1.2341860363722088,0.00492682991171048,5.9150314089450745e-05,1.7388735965533444e-05,4.19976512691269e-07
104760.0,0.3803823385403749,-1.22774243116616,0.005077823961591999,5.8844187203653296e-05,1.840825191886011e-05,4.188384244366926e-07
105120.0,0.4015084844521581,-1.2209327054546268,0.005228363369346461,5.852033814392593e-05,1.9422679255655186e-05,4.174491476557572e-07
105480.0,0.42251485876309397,-1.2137587574011732,0.005378356783799319,5.81787970449864e-05,2.0431644867282977e-05,4.1580568568434336e-07
105840.0,0.44339510268612115,-1.2062226240692064,0.005527714000959999,5.7819627387400295e-05,2.1434752580027063e-05,4.139171005470813e-07
106200.0,0.46414288684296306,-1.1983264870098094,0.005676349852274006,5.7442929016692103e-05,2.243159845567587e-05,4.1180170463393593e-07
106560.0,0.4847519239217313,-1.1900726723639934,0.0058241868334766005,5.7048834782073104e-05,2.3421785291360237e-05,4.094830737181776e-07
106920.0,0.5052159792447314,-1.181463646431109,0.005971156280310945,5.6637502753093077e-05,2.4404932871746714e-05,4.0698617743554616e-07
107280.0,0.5255288782153111,-1.1725020085673707,0.006117198349658707,5.620910723053588e-05,2.5380682511449823e-05,4.043347609362406e-07
107640.0,0.5456845107903309,-1.1631904833631155,0.0062622613752165756,5.5763831633936054e-05,2.6348696866145832e-05,4.0155051174457584e-07
108000.0,0.5656768340048504,-1.1535319133329223,0.006406301215501292,5.530186489379397e-05,2.7308657819951258e-05,3.9865373959067514e-07
108360.0,0.5854998737874844,-1.143529252220699,0.006549280981340306,5.482340086644578e-05,2.826026565499501e-05,3.9566460616647063e-07
108720.0,0.6051477267850701,-1.1331855580449552,0.006691171116372642,5.4328638500395966e-05,2.920324147803748e-05,3.9260365386710855e-07
109080.0,0.6246145619441802,-1.1225039846989686,0.006831949382883597,5.3817779874456914e-05,3.0137332549882515e-05,3.8949063420604876e-07
109440.0,0.6438946206822237,-1.1114877714919755,0.006971600063807657,5.3291024151673474e-05,3.1062317788848535e-05,3.863413534269346e-07
109800.0,0.662982214133936,-1.100140231278604,0.007110111754505107,5.27485576135263e-05,3.197800942841735e-05,3.8316317116763773e-07
110160.0,0.6818717164608308,-1.0884647392377944,0.007247473494150409,5.2190542354210594e-05,3.2884247312104036e-05,3.7995055145198684e-07
110520.0,0.7005575544694027,-1.0764647252657609,0.007383669560766063,5.161710782997294e-05,3.378088456874548e-05,3.7668236048310375e-07
110880.0,0.7190341953487734,-1.0641436728322016,0.007518673824693856,5.102834945793628e-05,3.466776662604955e-05,3.733222852332414e-07
111240.0,0.7372961355754738,-1.0515051258915835,0.007652444908484095,5.042433667350693e-05,3.5544708429591896e-05,3.6982289076998256e-07
111600.0,0.7553378943830402,-1.0385527033784856,0.007784923390119522,4.9805129863688334e-05,3.6411476133431646e-05,3.661327259984134e-07
111960.0,0.7731540144125914,-1.0252901186306282,0.00791603188859551,4.9170802505660556e-05,3.726777876848094e-05,3.622049114017523e-07
112320.0,0.7907390704333062,-1.0117211995447848,0.00804567819891307,4.852146285196138e-05,3.8113272663216684e-05,3.5800514196049493e-07
112680.0,0.8080876849055275,-0.9978499049347512,0.008173760906717566,4.785726940700076e-05,3.8947577649764446e-05,3.535171889356229e-07
113040.0,0.825194547369637,-0.9836803335506229,0.008300176342196607,4.7178436293471316e-05,3.977030069171942e-05,3.4874472814028256e-07
113400.0,0.8420544337770225,-0.9692167241808534,0.00842482549910412,4.648522771252454e-05,4.0581060725510486e-05,3.4370939279305277e-07
113760.0,0.8586622221829396,-0.9544634475056201,0.008547619699200355,4.577794388957552e-05,4.137950879789242e-05,3.384459713651686e-07
114120.0,0.8750129025080815,-0.9394249921541992,0.008668484243051193,4.505690300935706e-05,4.216533975320273e-05,3.329963032076093e-07
114480.0,0.8911015798165132,-0.9241059482203647,0.00878735987552334,4.4322423998139435e-05,4.293829481510379e-05,3.2740348372436343e-07
114840.0,0.9069234721066395,-0.90851099120076,0.008904202402026872,4.3574813662877865e-05,4.369815717200536e-05,3.217075137031939e-07
115200.0,0.9224739044719337,-0.8926448682554148,0.00901898106402628,4.2814359380554416e-05,4.444474410303859e-05,3.159427483766703e-07
115560.0,0.9377483015002162,-0.8765123874175534,0.009131676269710755,4.204132631639847e-05,4.517789890267522e-05,3.1013675303733607e-07
115920.0,0.9527421791595941,-0.8601184094671339,0.009242277045180724,4.1255956967563004e-05,4.5897484264573616e-05,3.043097493149e-07
116280.0,0.9674511366278306,-0.8434678419465552,0.009350778271971998,4.045847107026236e-05,4.660337680117472e-05,2.984738826884598e-07
116640.0,0.9818708480383844,-0.8265656351861648,0.00945717757209139,3.9649065274790306e-05,4.729546103950024e-05,2.9263199576133823e-07
117000.0,0.995997054207634,-0.8094167808519658,0.009561471700328013,3.88279136583031e-05,4.7973621209293596e-05,2.8677621836360157e-07
117360.0,1.00982555500647,-0.7920263139349272,0.009663652512627616,3.799517115520755e-05,4.863773042510073e-05,2.808871783763862e-07
117720.0,1.0233522037808545,-0.7743993189009251,0.009763702902506902,3.715098171087537e-05,4.9287638802777044e-05,2.749347489170373e-07
118080.0,1.036572905627435,-0.7565409398539087,0.009861593376833146,3.6295491408483455e-05,4.992316364237008e-05,2.688808954129837e-07
118440.0,1.049483621030787,-0.7384563933261284,0.009957280026567837,3.5428864629746496e-05,5.054408517593543e-05,2.6268448982901116e-07
118800.0,1.06208037531795,-0.720150981220393,0.010050704459851855,3.45512994989893e-05,5.115015018225744e-05,2.5630719519764374e-07
119160.0,1.0743592728940863,-0.7016301010061626,0.010141795838153222,3.3663038339422856e-05,5.1741083387183095e-05,2.497190127882498e-07
119520.0,1.0863165138446296,-0.6828992507827774,0.010230474628690592,3.276437002554826e-05,5.231660394379709e-05,2.4290205986591304e-07
119880.0,1.0979484097867163,-0.6639640281540952,0.01031665724766441,3.185562359836787e-05,5.287644252862242e-05,2.3585165299791804e-07
120240.0,1.1092513961444241,-0.6448301235406578,0.010400260585749525,3.09371553596477e-05,5.342035447814982e-05,2.285746410903732e-07
120600.0,1.1202220392279842,-0.6255033099552899,0.010481205555064491,3.0009333704679138e-05,5.394812601942295e-05,2.210858408693588e-07
120960.0,1.1308570381529939,-0.6059894318563055,0.010559419224908873,2.9072526315710204e-05,5.445957336727077e-05,2.1340402322074669e-07
121320.0,1.1411532230806398,-0.5862943952732527,0.01063483566075625,2.8127092843267955e-05,5.495453713556518e-05,2.0554894046226217e-07
121680.0,1.1511075519156262,-0.5664241602010098,0.010707396035347204,2.717338347422273e-05,5.543287600831267e-05,1.9754034213712932e-07
122040.0,1.1607171072233717,-0.5463847348379918,0.01077704876173687,2.621174100461438e-05,5.589446330054863e-05,1.893990005501291e-07
122400.0,1.169979093933141,-0.5261821702549376,0.01084375022934026,2.5242502441776976e-05,5.6339188053340495e-05,1.811488162435376e-07
122760.0,1.1788908369640554,-0.5058225539828141,0.010907466266915642,2.4265996511485053e-05,5.6766959532026424e-05,1.7281847998088562e-07
123120.0,1.187449776959851,-0.48531200186452755,0.010968173891443436,2.3282535666346988e-05,5.717771168115285e-05,1.6444118739127136e-07
123480.0,1.195653462376345,-0.464656648952021,0.011025862462021611,2.2292404372538447e-05,5.757140331654079e-05,1.5605156083700968e-07
123840.0,1.2034995373357569,-0.4438626415888353,0.011080533239920882,2.1295848210301894e-05,5.794801104734038e-05,1.476800082494955e-07
124200.0,1.2109857265495738,-0.4229361334317099,0.011132196642431983,2.02930693789067e-05,5.8307514712375067e-05,1.3934584853012763e-07
124560.0,1.218109820465027,-0.4018832876484978,0.011180867101125147,1.928423292347514e-05,5.864987837988722e-05,1.310512400673425e-07
124920.0,1.224869664800223,-0.3807102859579765,0.011226556195766796,1.826948472174427e-05,5.897503234356533e-05,1.2277797716904635e-07
125280.0,1.2312631582684141,-0.35942334307161977,0.011269265373078322,1.7248978156801615e-05,5.9282862010482206e-05,1.144885247601349e-07
125640.0,1.2372882605327709,-0.338028723227582,0.011308979846751046,1.6222903026179798e-05,5.957320783175662e-05,1.0613146292071673e-07
126000.0,1.2429430098011185,-0.3165327545851473,0.01134566509911704,1.5191508934079642e-05,5.984587707032941e-05,9.76502130704043e-08
126360.0,1.2482255468406178,-0.2949418376429861,0.011379266810114044,1.4155116740504254e-05,6.010066447463195e-05,8.899295856251785e-08
126720.0,1.2531341404609497,-0.273262445435701,0.011409714211598598,1.3114115148438207e-05,6.033737621863796e-05,8.012137368051464e-08
127080.0,1.2576672092538856,-0.2515011154894889,0.011436926065288781,1.2068943916096256e-05,6.0555850750527845e-05,7.101621962722256e-08
127440.0,1.261823335622637,-0.22966443560442232,0.0114608179333105,1.1020068885848944e-05,6.0755971642003255e-05,6.167887523562053e-08
127800.0,1.2656012703846362,-0.20775902679464348,0.011481309292112505,9.967955743312986e-06,6.093767048367185e-05,5.21290747871341e-08
128160.0,1.2689999286598843,-0.1857915268256793,0.011498329327506182,8.913048692698745e-06,6.110092112067097e-05,4.240010677380135e-08
128520.0,1.2720183795450424,-0.16376857686410778,0.011511820798832137,7.85575755965391e-06,6.124572882782386e-05,3.253317224430042e-08
128880.0,1.2746558327256994,-0.14169681229610803,0.01152174195567901,6.7964534343940706e-06,6.13721186219621e-05,2.25724120742974e-08
129240.0,1.2769116246927759,-0.1195828574164382,0.011528066922154545,5.7354702563879835e-06,6.148012580016846e-05,1.256143303006796e-08
129600.0,1.2787852060515055,-0.09743332294149924,0.011530785108757692,4.673108720926238e-06,6.156978969102976e-05,2.541310820552734e-09
129960.0,1.2802761302137127,-0.075254805326459,0.011529900074243652,3.6096397542856573e-06,6.164114958901895e-05,-7.450615340099497e-09
130320.0,1.2813840431304888,-0.053053887455049034,0.011525427958662102,2.5453069064429638e-06,6.169424085571282e-05,-1.7382058910528974e-08
130680.0,1.2821086738946648,-0.030837140958777303,0.011517395322135603,1.4803291756146502e-06,6.172908961212788e-05,-2.722782643959054e-08
